Código (producto),Distrito,Almacén,Ubicación,Estante,Marca,Cantidad,Precio,Minimo,Comentario
13,Planta Veracruz,Petroleras,AL1,B-1,['Generica'],40, $73.40 ,0,NA
14,Planta Veracruz,Petroleras,AL1,B-1,['Generica'],20, $64.78 ,0,NA
15,Planta Veracruz,Petroleras,AL1,B-1,['Generica'],30, $91.65 ,0,NA
455,Planta Veracruz,Petroleras,AL1,B-1,['Generica'],5, $46.42 ,0,NA
717,Planta Veracruz,Petroleras,AL1,B-1,['Generica'],6," $1,136.26 ",0,NA
12,Planta Veracruz,Petroleras,AL1,B-2,['Generica'],75, $89.39 ,0,NA
154,Planta Veracruz,Petroleras,AL1,B-2,['Generica'],3, $964.65 ,0,NA
2340,Planta Veracruz,Petroleras,AL1,B-2,['Generica'],5, $75.60 ,0,NA
5396,Planta Veracruz,Petroleras,AL1,B-2,['Generica'],5, $68.10 ,0,NA
565,Planta Veracruz,Petroleras,AL1,C-1,['Generica'],2, $810.14 ,0,NA
757,Planta Veracruz,Petroleras,AL1,C-1,['Generica'],42, $105.47 ,0,NA
956,Planta Veracruz,Petroleras,AL1,C-1,['Generica'],21, $85.00 ,0,NA
1654,Planta Veracruz,Petroleras,AL1,C-1,['Generica'],2," $1,000.00 ",0,NA
2753,Planta Veracruz,Petroleras,AL1,C-1,['Generica'],1, $104.89 ,0,NA
351,Planta Veracruz,Petroleras,AL1,D-1,['Generica'],2," $1,395.74 ",0,NA
970,Planta Veracruz,Petroleras,AL1,D-1,['Generica'],1, $652.50 ,0,NA
381,Planta Veracruz,Petroleras,AL1,D-2,['Generica'],4, $280.17 ,0,NA
414,Planta Veracruz,Petroleras,AL1,D-2,['Generica'],21, $513.99 ,0,NA
704,Planta Veracruz,Petroleras,AL1,D-2,['Generica'],6, $317.90 ,0,NA
2251,Planta Veracruz,Petroleras,AL1,D-2,['Generica'],5, $688.79 ,0,NA
4598,Planta Veracruz,Petroleras,AL1,D-2,['Generica'],4, $33.62 ,0,NA
4599,Planta Veracruz,Petroleras,AL1,D-2,['Generica'],5, $128.45 ,0,NA
5197,Planta Veracruz,Petroleras,AL1,D-2,['Generica'],1," $1,256.00 ",0,NA
121,Planta Veracruz,Petroleras,AL1,D-3,['Generica'],19, $30.17 ,0,NA
274,Planta Veracruz,Petroleras,AL1,D-3,['Generica'],57, $219.40 ,0,NA
571,Planta Veracruz,Petroleras,AL1,D-3,['Generica'],1, $129.31 ,0,NA
1411,Planta Veracruz,Petroleras,AL1,D-3,['Generica'],1, $112.07 ,0,NA
1413,Planta Veracruz,Petroleras,AL1,D-3,['Generica'],11, $112.07 ,0,NA
1414,Planta Veracruz,Petroleras,AL1,D-3,['Generica'],2, $112.07 ,0,NA
2055,Planta Veracruz,Petroleras,AL1,D-3,['Generica'],1, $100.00 ,0,NA
2286,Planta Veracruz,Petroleras,AL1,D-3,['Generica'],1, $100.00 ,0,NA
2287,Planta Veracruz,Petroleras,AL1,D-3,['Generica'],10, $100.00 ,0,NA
2339,Planta Veracruz,Petroleras,AL1,D-3,['Generica'],4, $68.10 ,0,NA
2356,Planta Veracruz,Petroleras,AL1,D-3,['Generica'],12, $379.31 ,0,NA
2674,Planta Veracruz,Petroleras,AL1,D-3,['Generica'],1, $171.55 ,0,NA
2785,Planta Veracruz,Petroleras,AL1,D-3,['Generica'],12, $47.00 ,0,NA
3075,Planta Veracruz,Petroleras,AL1,D-3,['Generica'],36, $53.59 ,0,NA
3076,Planta Veracruz,Petroleras,AL1,D-3,['Generica'],31, $53.59 ,0,NA
3634,Planta Veracruz,Petroleras,AL1,D-3,['Generica'],46, $211.21 ,0,NA
3635,Planta Veracruz,Petroleras,AL1,D-3,['Generica'],9, $7.66 ,0,NA
3734,Planta Veracruz,Petroleras,AL1,D-3,['Generica'],10, $99.13 ,0,NA
4687,Planta Veracruz,Petroleras,AL1,D-3,['Generica'],11, $123.00 ,0,NA
4689,Planta Veracruz,Petroleras,AL1,D-3,['Generica'],9, $123.00 ,0,NA
5400,Planta Veracruz,Petroleras,AL1,D-3,['Generica'],1, $664.66 ,0,NA
6056,Planta Veracruz,Petroleras,AL1,D-3,['Generica'],5, $301.72 ,0,NA
115,Planta Veracruz,Petroleras,AL1,D-4,['Generica'],85, $2.59 ,0,NA
160,Planta Veracruz,Petroleras,AL1,D-4,['Generica'],336, $5.17 ,0,NA
1398,Planta Veracruz,Petroleras,AL1,D-5,['Generica'],3, $105.00 ,0,NA
5938,Planta Veracruz,Petroleras,AL1,D-5,['Generica'],5," $7,272.22 ",0,NA
6340,Planta Veracruz,Petroleras,AL1,D-5,['Generica'],1, $192.78 ,0,NA
1057,Planta Veracruz,Petroleras,AL1,F-2,['Generica'],15, $32.50 ,0,NA
1058,Planta Veracruz,Petroleras,AL1,F-2,['Generica'],2, $4.00 ,0,NA
1585,Planta Veracruz,Petroleras,AL1,F-2,['Generica'],20, $40.00 ,0,NA
1586,Planta Veracruz,Petroleras,AL1,F-2,['Generica'],25, $38.00 ,0,NA
4400,Planta Veracruz,Petroleras,AL1,F-2,['Generica'],4, $10.40 ,0,NA
4805,Planta Veracruz,Petroleras,AL1,F-2,['Generica'],1, $7.76 ,0,NA
6866,Planta Veracruz,Petroleras,AL1,F-2,['Generica'],0, $291.40 ,0,NA
387,Planta Veracruz,Petroleras,AL1,F-3,['Generica'],1, $44.50 ,0,NA
1408,Planta Veracruz,Petroleras,AL1,F-3,['Generica'],1, $5.00 ,0,NA
1593,Planta Veracruz,Petroleras,AL1,F-3,['Generica'],1, $10.00 ,0,NA
2006,Planta Veracruz,Petroleras,AL1,F-3,['Generica'],1, $2.59 ,0,NA
2701,Planta Veracruz,Petroleras,AL1,F-3,['Generica'],1, $28.23 ,0,NA
106,Planta Veracruz,Petroleras,AL1,G-1,['Generica'],326, $0.60 ,0,NA
109,Planta Veracruz,Petroleras,AL1,G-1,['Generica'],0, $0.35 ,0,NA
127,Planta Veracruz,Petroleras,AL1,G-1,['Generica'],389, $2.12 ,0,NA
131,Planta Veracruz,Petroleras,AL1,G-1,['Generica'],264, $4.56 ,0,NA
133,Planta Veracruz,Petroleras,AL1,G-1,['Generica'],104, $3.81 ,0,NA
162,Planta Veracruz,Petroleras,AL1,G-1,['Generica'],387, $2.38 ,0,NA
249,Planta Veracruz,Petroleras,AL1,G-1,['Generica'],71, $0.28 ,0,NA
771,Planta Veracruz,Petroleras,AL1,G-1,['Generica'],0, $0.07 ,0,NA
104,Planta Veracruz,Petroleras,AL1,G-2,['Generica'],350, $0.38 ,0,NA
117,Planta Veracruz,Petroleras,AL1,G-2,['Generica'],485, $0.59 ,0,NA
124,Planta Veracruz,Petroleras,AL1,G-2,['Generica'],689, $0.36 ,0,NA
126,Planta Veracruz,Petroleras,AL1,G-2,['Generica'],314, $4.56 ,0,NA
167,Planta Veracruz,Petroleras,AL1,G-2,['Generica'],100, $4.58 ,0,NA
1060,Planta Veracruz,Petroleras,AL1,G-2,['Generica'],0, $0.33 ,0,NA
140,Planta Veracruz,Petroleras,AL1,G-3,['Generica'],139, $20.75 ,0,NA
230,Planta Veracruz,Petroleras,AL1,G-3,['Generica'],123, $6.74 ,0,NA
246,Planta Veracruz,Petroleras,AL1,G-3,['Generica'],1356, $0.35 ,0,NA
491,Planta Veracruz,Petroleras,AL1,G-3,['Generica'],26, $10.74 ,0,NA
1298,Planta Veracruz,Petroleras,AL1,G-3,['Generica'],17, $68.97 ,0,NA
2789,Planta Veracruz,Petroleras,AL1,G-3,['Generica'],226, $80.00 ,0,NA
3654,Planta Veracruz,Petroleras,AL1,G-3,['Generica'],73, $1.00 ,0,NA
3655,Planta Veracruz,Petroleras,AL1,G-3,['Generica'],89, $8.00 ,0,NA
108,Planta Veracruz,Petroleras,AL1,G-4,['Generica'],0, $2.10 ,0,NA
229,Planta Veracruz,Petroleras,AL1,G-4,['Generica'],278, $0.55 ,0,NA
248,Planta Veracruz,Petroleras,AL1,G-4,['Generica'],158, $3.33 ,0,NA
375,Planta Veracruz,Petroleras,AL1,G-4,['Generica'],2, $1.55 ,0,NA
465,Planta Veracruz,Petroleras,AL1,G-4,['Generica'],325, $13.28 ,0,NA
487,Planta Veracruz,Petroleras,AL1,G-4,['Generica'],67, $3.25 ,0,NA
528,Planta Veracruz,Petroleras,AL1,G-4,['Generica'],384, $1.76 ,0,NA
635,Planta Veracruz,Petroleras,AL1,G-4,['Generica'],68, $9.83 ,0,NA
1567,Planta Veracruz,Petroleras,AL1,G-4,['Generica'],73, $4.83 ,0,NA
7537,Planta Veracruz,Petroleras,AL1,G-4,['Generica'],0, $0.26 ,0,NA
394,Planta Veracruz,Petroleras,AL1,G-5,['Generica'],18, $352.00 ,0,NA
9431,Planta Veracruz,Petroleras,AL1,G-5,['Generica'],100, $31.83 ,0,NA
1356,Planta Veracruz,Petroleras,AL1,H-1,['Generica'],35, $20.00 ,0,NA
1360,Planta Veracruz,Petroleras,AL1,H-1,['Generica'],5, $15.56 ,0,NA
1364,Planta Veracruz,Petroleras,AL1,H-1,['Generica'],6, $10.00 ,0,NA
1369,Planta Veracruz,Petroleras,AL1,H-1,['Generica'],19, $15.00 ,0,NA
1605,Planta Veracruz,Petroleras,AL1,H-1,['Generica'],0, $112.00 ,0,NA
1606,Planta Veracruz,Petroleras,AL1,H-1,['Generica'],2, $43.10 ,0,NA
3868,Planta Veracruz,Petroleras,AL1,H-1,['Generica'],0, $112.00 ,0,NA
5893,Planta Veracruz,Petroleras,AL1,H-1,['Generica'],34, $24.75 ,0,NA
235,Planta Veracruz,Petroleras,AL1,H-2,['Generica'],39, $2.53 ,0,NA
267,Planta Veracruz,Petroleras,AL1,H-2,['Generica'],12, $47.41 ,0,NA
273,Planta Veracruz,Petroleras,AL1,H-2,['Generica'],11, $96.05 ,0,NA
321,Planta Veracruz,Petroleras,AL1,H-2,['Generica'],11, $19.05 ,0,NA
389,Planta Veracruz,Petroleras,AL1,H-2,['Generica'],4, $16.38 ,0,NA
731,Planta Veracruz,Petroleras,AL1,H-2,['Generica'],0, $7.00 ,0,NA
777,Planta Veracruz,Petroleras,AL1,H-2,['Generica'],46, $8.62 ,0,NA
1545,Planta Veracruz,Petroleras,AL1,H-2,['Generica'],20, $8.00 ,0,NA
1637,Planta Veracruz,Petroleras,AL1,H-2,['Generica'],0, $20.00 ,0,NA
1706,Planta Veracruz,Petroleras,AL1,H-2,['Generica'],27, $15.00 ,0,NA
8370,Planta Veracruz,Petroleras,AL1,H-2,['Generica'],3, $16.38 ,0,NA
62,Planta Veracruz,Petroleras,AL1,H-3,['Generica'],40, $19.19 ,0,NA
161,Planta Veracruz,Petroleras,AL1,H-3,['Generica'],26, $27.23 ,0,NA
270,Planta Veracruz,Petroleras,AL1,H-3,['Generica'],14, $0.97 ,0,NA
328,Planta Veracruz,Petroleras,AL1,H-3,['Generica'],2, $2.85 ,0,NA
390,Planta Veracruz,Petroleras,AL1,H-3,['Generica'],63, $1.55 ,0,NA
518,Planta Veracruz,Petroleras,AL1,H-3,['Generica'],13, $147.41 ,0,NA
557,Planta Veracruz,Petroleras,AL1,H-3,['Generica'],32, $10.75 ,0,NA
1377,Planta Veracruz,Petroleras,AL1,H-3,['Generica'],168, $2.60 ,0,NA
1563,Planta Veracruz,Petroleras,AL1,H-3,['Generica'],75, $1.00 ,0,NA
1704,Planta Veracruz,Petroleras,AL1,H-3,['Generica'],52, $20.00 ,0,NA
1705,Planta Veracruz,Petroleras,AL1,H-4,['Generica'],12, $20.00 ,0,NA
1707,Planta Veracruz,Petroleras,AL1,H-3,['Generica'],125, $2.40 ,0,NA
1708,Planta Veracruz,Petroleras,AL1,H-3,['Generica'],183, $0.20 ,0,NA
3943,Planta Veracruz,Petroleras,AL1,H-3,['Generica'],41, $15.26 ,0,NA
4272,Planta Veracruz,Petroleras,AL1,H-3,['Generica'],11, $1.17 ,0,NA
4273,Planta Veracruz,Petroleras,AL1,H-3,['Generica'],3, $2.80 ,0,NA
4367,Planta Veracruz,Petroleras,AL1,H-3,['Generica'],6, $1.72 ,0,NA
275,Planta Veracruz,Petroleras,AL1,H-4,['Generica'],1, $3.67 ,0,NA
403,Planta Veracruz,Petroleras,AL1,H-4,['Generica'],125, $3.59 ,0,NA
463,Planta Veracruz,Petroleras,AL1,H-4,['Generica'],24, $2.50 ,0,NA
1358,Planta Veracruz,Petroleras,AL1,H-4,['Generica'],10, $14.00 ,0,NA
1359,Planta Veracruz,Petroleras,AL1,H-4,['Generica'],20, $6.96 ,0,NA
1361,Planta Veracruz,Petroleras,AL1,H-4,['Generica'],7, $18.69 ,0,NA
1362,Planta Veracruz,Petroleras,AL1,H-4,['Generica'],1, $13.80 ,0,NA
1379,Planta Veracruz,Petroleras,AL1,H-4,['Generica'],25, $2.31 ,0,NA
1560,Planta Veracruz,Petroleras,AL1,H-4,['Generica'],0, $3.00 ,0,NA
1626,Planta Veracruz,Petroleras,AL1,H-4,['Generica'],5, $10.00 ,0,NA
1710,Planta Veracruz,Petroleras,AL1,H-4,['Generica'],12, $25.00 ,0,NA
1711,Planta Veracruz,Petroleras,AL1,H-4,['Generica'],3, $25.00 ,0,NA
4217,Planta Veracruz,Petroleras,AL1,H-4,['Generica'],9, $29.91 ,0,NA
4576,Planta Veracruz,Petroleras,AL1,H-4,['Generica'],2, $103.50 ,0,NA
61,Planta Veracruz,Petroleras,AL1,H-5,['Generica'],24, $33.13 ,0,NA
243,Planta Veracruz,Petroleras,AL1,H-5,['Generica'],10, $37.78 ,0,NA
286,Planta Veracruz,Petroleras,AL1,H-5,['Generica'],15, $16.58 ,0,NA
730,Planta Veracruz,Petroleras,AL1,H-5,['Generica'],34, $46.72 ,0,NA
1355,Planta Veracruz,Petroleras,AL1,I-1,['Generica'],1," $1,300.00 ",0,NA
1572,Planta Veracruz,Petroleras,AL1,I-1,['Generica'],1, $300.00 ,0,NA
1573,Planta Veracruz,Petroleras,AL1,I-1,['Generica'],1, $200.00 ,0,NA
1574,Planta Veracruz,Petroleras,AL1,I-1,['Generica'],3, $200.00 ,0,NA
1575,Planta Veracruz,Petroleras,AL1,I-1,['Generica'],1, $200.00 ,0,NA
1576,Planta Veracruz,Petroleras,AL1,I-1,['Generica'],1, $200.00 ,0,NA
1578,Planta Veracruz,Petroleras,AL1,I-1,['Generica'],1, $700.00 ,0,NA
3068,Planta Veracruz,Petroleras,AL1,I-1,['Generica'],1, $858.34 ,0,NA
772,Planta Veracruz,Petroleras,AL1,I-2,['Generica'],13, $16.38 ,0,NA
1367,Planta Veracruz,Petroleras,AL1,I-2,['Generica'],4, $12.00 ,0,NA
1370,Planta Veracruz,Petroleras,AL1,I-2,['Generica'],12, $26.00 ,0,NA
1381,Planta Veracruz,Petroleras,AL1,I-2,['Generica'],1, $35.00 ,0,NA
1422,Planta Veracruz,Petroleras,AL1,I-2,['Generica'],24, $85.34 ,0,NA
1609,Planta Veracruz,Petroleras,AL1,I-2,['Generica'],1, $400.00 ,0,NA
4229,Planta Veracruz,Petroleras,AL1,I-2,['Generica'],10, $1.72 ,0,NA
4597,Planta Veracruz,Petroleras,AL1,I-2,['Generica'],20, $3.45 ,0,NA
4851,Planta Veracruz,Petroleras,AL1,I-2,['Generica'],4, $418.10 ,0,NA
4871,Planta Veracruz,Petroleras,AL1,I-2,['Generica'],4, $117.76 ,0,NA
5270,Planta Veracruz,Petroleras,AL1,I-2,['Generica'],1, $42.00 ,0,NA
5271,Planta Veracruz,Petroleras,AL1,I-2,['Generica'],3, $20.69 ,0,NA
7359,Planta Veracruz,Petroleras,AL1,I-2,['Generica'],2, $215.82 ,0,NA
7628,Planta Veracruz,Petroleras,AL1,I-2,['Generica'],3, $850.00 ,0,NA
8100,Planta Veracruz,Petroleras,AL1,I-2,['Generica'],2, $137.94 ,0,NA
8227,Planta Veracruz,Petroleras,AL1,I-2,['Generica'],5, $20.00 ,0,NA
9081,Planta Veracruz,Petroleras,AL1,I-2,['Generica'],1, $35.16 ,0,NA
1409,Planta Veracruz,Petroleras,AL1,I-3,['Generica'],1," $1,666.82 ",0,NA
2346,Planta Veracruz,Petroleras,AL1,I-3,['Generica'],1, $19.83 ,0,NA
4870,Planta Veracruz,Petroleras,AL1,I-3,['Generica'],1, $373.04 ,0,NA
8788,Planta Veracruz,Petroleras,AL1,I-3,['Generica'],2," $8,990.16 ",0,NA
8834,Planta Veracruz,Petroleras,AL1,I-3,['Generica'],3, $98.00 ,0,NA
9077,Planta Veracruz,Petroleras,AL1,I-3,['Generica'],1, $381.89 ,0,NA
9090,Planta Veracruz,Petroleras,AL1,I-3,['Generica'],1, $194.36 ,0,NA
42,Planta Veracruz,Petroleras,AL1,I-4,['Generica'],8, $18.00 ,0,NA
2543,Planta Veracruz,Petroleras,AL1,I-4,['Generica'],5, $52.77 ,0,NA
4172,Planta Veracruz,Petroleras,AL1,I-4,['Generica'],2," $1,200.00 ",0,NA
7876,Planta Veracruz,Petroleras,AL1,I-4,['Generica'],3," $3,903.75 ",0,NA
9881,Planta Veracruz,Petroleras,AL1,I-4,['Generica'],2, $443.54 ,0,NA
3942,Planta Veracruz,Petroleras,AL1,I-5,['Generica'],73, $24.07 ,0,NA
9542,Planta Veracruz,Petroleras,AL1,J-1,['Generica'],1, $125.00 ,0,NA
4,Planta Veracruz,Petroleras,AL1,J-2,['Generica'],22, $155.02 ,0,NA
33,Planta Veracruz,Petroleras,AL1,J-2,['Generica'],3," $1,391.85 ",0,NA
164,Planta Veracruz,Petroleras,AL1,J-2,['Generica'],6, $115.00 ,0,NA
176,Planta Veracruz,Petroleras,AL1,J-2,['Generica'],6, $183.15 ,0,NA
283,Planta Veracruz,Petroleras,AL1,J-2,['Generica'],3, $220.00 ,0,NA
8008,Planta Veracruz,Petroleras,AL1,J-2,['Generica'],45, $159.65 ,0,NA
8831,Planta Veracruz,Petroleras,AL1,J-2,['Generica'],8, $159.65 ,0,NA
9377,Planta Veracruz,Petroleras,AL1,J-2,['Generica'],2, $234.64 ,0,NA
264,Planta Veracruz,Petroleras,AL1,J-3,['Generica'],2, $187.07 ,0,NA
2393,Planta Veracruz,Petroleras,AL1,J-3,['Generica'],2, $47.41 ,0,NA
4369,Planta Veracruz,Petroleras,AL1,J-3,['Generica'],850, $25.43 ,0,NA
5172,Planta Veracruz,Petroleras,AL1,J-3,['Generica'],2, $47.85 ,0,NA
8092,Planta Veracruz,Petroleras,AL1,J-3,['Generica'],3, $35.34 ,0,NA
99,Planta Veracruz,Petroleras,AL1,J-4,['Generica'],11, $32.76 ,0,NA
1522,Planta Veracruz,Petroleras,AL1,J-4,['Generica'],0, $125.86 ,0,NA
6,Planta Veracruz,Petroleras,AL1,K-1,['Generica'],80, $77.93 ,0,NA
34,Planta Veracruz,Petroleras,AL1,K-1,['Generica'],80, $43.78 ,0,NA
1332,Planta Veracruz,Petroleras,AL1,K-1,['Generica'],10, $75.82 ,0,NA
1,Planta Veracruz,Petroleras,AL1,K-2,['Generica'],80, $38.79 ,0,NA
2,Planta Veracruz,Petroleras,AL1,K-2,['Generica'],70, $21.19 ,0,NA
3,Planta Veracruz,Petroleras,AL1,K-2,['Generica'],30, $32.21 ,0,NA
7,Planta Veracruz,Petroleras,AL1,K-2,['Generica'],30, $39.57 ,0,NA
100,Planta Veracruz,Petroleras,AL1,K-2,['Generica'],55, $35.95 ,0,NA
120,Planta Veracruz,Petroleras,AL1,K-2,['Generica'],70, $78.78 ,0,NA
770,Planta Veracruz,Petroleras,AL1,K-2,['Generica'],8, $175.00 ,0,NA
1763,Planta Veracruz,Petroleras,AL1,K-2,['Generica'],7, $185.78 ,0,NA
16,Planta Veracruz,Petroleras,AL1,K-3,['Generica'],300, $2.68 ,0,NA
113,Planta Veracruz,Petroleras,AL1,K-3,['Generica'],50, $3.44 ,0,NA
129,Planta Veracruz,Petroleras,AL1,K-3,['Generica'],15, $66.50 ,0,NA
252,Planta Veracruz,Petroleras,AL1,K-3,['Generica'],60, $53.45 ,0,NA
1417,Planta Veracruz,Petroleras,AL1,K-3,['Generica'],1, $110.00 ,0,NA
1758,Planta Veracruz,Petroleras,AL1,K-3,['Generica'],0, $5.60 ,0,NA
111,Planta Veracruz,Petroleras,AL1,K-4,['Generica'],5, $302.76 ,0,NA
118,Planta Veracruz,Petroleras,AL1,K-4,['Generica'],34, $127.54 ,0,NA
130,Planta Veracruz,Petroleras,AL1,K-4,['Generica'],44, $6.00 ,0,NA
258,Planta Veracruz,Petroleras,AL1,K-4,['Generica'],8, $10.34 ,0,NA
357,Planta Veracruz,Petroleras,AL1,K-4,['Generica'],10, $4.46 ,0,NA
359,Planta Veracruz,Petroleras,AL1,K-4,['Generica'],120, $6.90 ,0,NA
361,Planta Veracruz,Petroleras,AL1,K-4,['Generica'],13, $6.90 ,0,NA
1337,Planta Veracruz,Petroleras,AL1,K-4,['Generica'],20, $15.52 ,0,NA
1338,Planta Veracruz,Petroleras,AL1,K-4,['Generica'],21, $15.52 ,0,NA
1340,Planta Veracruz,Petroleras,AL1,K-4,['Generica'],10, $6.04 ,0,NA
1349,Planta Veracruz,Petroleras,AL1,K-4,['Generica'],85, $6.04 ,0,NA
2705,Planta Veracruz,Petroleras,AL1,K-4,['Generica'],33, $12.07 ,0,NA
4258,Planta Veracruz,Petroleras,AL1,K-4,['Generica'],37, $7.91 ,0,NA
4967,Planta Veracruz,Petroleras,AL1,K-4,['Generica'],16, $10.00 ,0,NA
7364,Planta Veracruz,Petroleras,AL1,K-4,['Generica'],12, $15.52 ,0,NA
20,Planta Veracruz,Petroleras,AL1,K-5,['Generica'],136, $13.00 ,0,NA
1393,Planta Veracruz,Petroleras,AL1,K-5,['Generica'],7, $35.00 ,0,NA
2046,Planta Veracruz,Petroleras,AL1,K-5,['Generica'],1, $45.24 ,0,NA
3662,Planta Veracruz,Petroleras,AL1,K-5,['Generica'],4, $23.71 ,0,NA
7477,Planta Veracruz,Petroleras,AL1,K-5,['Generica'],6, $11.21 ,0,NA
7478,Planta Veracruz,Petroleras,AL1,K-5,['Generica'],2, $12.50 ,0,NA
7479,Planta Veracruz,Petroleras,AL1,K-5,['Generica'],2, $13.79 ,0,NA
3574,Planta Veracruz,Petroleras,AL1,L-1,['Generica'],11," $2,650.00 ",0,NA
224,Planta Veracruz,Petroleras,AL1,L-2,['Generica'],2," $1,691.00 ",0,NA
299,Planta Veracruz,Petroleras,AL1,L-2,['Generica'],5," $1,750.00 ",0,NA
347,Planta Veracruz,Petroleras,AL1,L-2,['Generica'],11, $588.00 ,0,NA
430,Planta Veracruz,Petroleras,AL1,L-2,['Generica'],1, $411.60 ,0,NA
737,Planta Veracruz,Petroleras,AL1,L-2,['Generica'],2, $160.00 ,0,NA
753,Planta Veracruz,Petroleras,AL1,L-2,['Generica'],2, $220.00 ,0,NA
1636,Planta Veracruz,Petroleras,AL1,L-2,['Generica'],5, $200.00 ,0,NA
4371,Planta Veracruz,Petroleras,AL1,L-2,['Generica'],1, $188.00 ,0,NA
4623,Planta Veracruz,Petroleras,AL1,L-2,['Generica'],0, $477.70 ,0,NA
21,Planta Veracruz,Petroleras,AL1,L-3,['Generica'],5," $1,684.22 ",0,NA
22,Planta Veracruz,Petroleras,AL1,L-3,['Generica'],15," $1,213.28 ",0,NA
155,Planta Veracruz,Petroleras,AL1,L-3,['Generica'],39," $1,094.76 ",0,NA
1314,Planta Veracruz,Petroleras,AL1,L-3,['Generica'],1, $700.00 ,0,NA
1627,Planta Veracruz,Petroleras,AL1,L-4,['Generica'],1, $90.00 ,0,NA
1629,Planta Veracruz,Petroleras,AL1,L-4,['Generica'],2, $90.00 ,0,NA
2494,Planta Veracruz,Petroleras,AL1,L-4,['Generica'],1, $-   ,0,NA
9391,Planta Veracruz,Petroleras,AL1,L-4,['Generica'],2, $632.39 ,0,NA
116,Planta Veracruz,Petroleras,AL1,L-5,['Generica'],24, $91.53 ,0,NA
119,Planta Veracruz,Petroleras,AL1,L-5,['Generica'],20, $91.53 ,0,NA
125,Planta Veracruz,Petroleras,AL1,L-5,['Generica'],20, $91.53 ,0,NA
168,Planta Veracruz,Petroleras,AL1,L-5,['Generica'],80, $40.00 ,0,NA
265,Planta Veracruz,Petroleras,AL1,L-5,['Generica'],204, $40.00 ,0,NA
368,Planta Veracruz,Petroleras,AL1,L-5,['Generica'],170, $40.00 ,0,NA
452,Planta Veracruz,Petroleras,AL1,L-5,['Generica'],1, $317.73 ,0,NA
1635,Planta Veracruz,Petroleras,AL1,L-2,['Generica'],1, $100.00 ,0,NA
3004,Planta Veracruz,Petroleras,AL1,L-5,['Generica'],4, $5.80 ,0,NA
5332,Planta Veracruz,Petroleras,AL1,L-5,['Generica'],4, $81.11 ,0,NA
544,Planta Veracruz,Petroleras,AL1,M-1,['Generica'],2, $242.24 ,0,NA
8131,Planta Veracruz,Petroleras,AL1,M-1,['Generica'],1," $15,422.00 ",0,NA
750,Planta Veracruz,Petroleras,AL1,M-2,['Generica'],3, $200.00 ,0,NA
756,Planta Veracruz,Petroleras,AL1,M-2,['Generica'],2, $271.55 ,0,NA
2424,Planta Veracruz,Petroleras,AL1,M-2,['Generica'],9, $84.48 ,0,NA
3871,Planta Veracruz,Petroleras,AL1,M-2,['Generica'],3," $1,034.48 ",0,NA
3873,Planta Veracruz,Petroleras,AL1,M-2,['Generica'],2, $500.00 ,0,NA
4820,Planta Veracruz,Petroleras,AL1,M-2,['Generica'],24, $79.00 ,0,NA
5282,Planta Veracruz,Petroleras,AL1,M-2,['Generica'],3, $172.41 ,0,NA
6907,Planta Veracruz,Petroleras,AL1,M-2,['Generica'],3, $120.69 ,0,NA
8256,Planta Veracruz,Petroleras,AL1,M-2,['Generica'],11, $367.88 ,0,NA
9080,Planta Veracruz,Petroleras,AL1,M-2,['Generica'],6, $47.41 ,0,NA
534,Planta Veracruz,Petroleras,AL1,M-3,['Generica'],1, $14.53 ,0,NA
548,Planta Veracruz,Petroleras,AL1,M-3,['Generica'],16, $190.68 ,0,NA
751,Planta Veracruz,Petroleras,AL1,M-3,['Generica'],2, $300.00 ,0,NA
752,Planta Veracruz,Petroleras,AL1,M-3,['Generica'],2, $300.00 ,0,NA
1516,Planta Veracruz,Petroleras,AL1,M-3,['Generica'],2, $383.19 ,0,NA
2281,Planta Veracruz,Petroleras,AL1,M-3,['Generica'],20, $7.84 ,0,NA
2648,Planta Veracruz,Petroleras,AL1,M-3,['Generica'],3, $495.00 ,0,NA
5535,Planta Veracruz,Petroleras,AL1,M-3,['Generica'],4, $743.02 ,0,NA
7323,Planta Veracruz,Petroleras,AL1,M-3,['Generica'],7, $314.00 ,0,NA
9423,Planta Veracruz,Petroleras,AL1,M-3,['Generica'],0, $613.76 ,0,NA
188,Planta Veracruz,Petroleras,AL1,M-4,['Generica'],0," $6,045.70 ",0,NA
423,Planta Veracruz,Petroleras,AL1,M-4,['Generica'],1, $210.00 ,0,NA
920,Planta Veracruz,Petroleras,AL1,M-4,['Generica'],2, $300.00 ,0,NA
2225,Planta Veracruz,Petroleras,AL1,M-4,['Generica'],0," $7,064.00 ",0,NA
2621,Planta Veracruz,Petroleras,AL1,M-4,['Generica'],2," $27,332.15 ",0,NA
908,Planta Veracruz,Petroleras,AL1,M-5,['Generica'],2, $449.57 ,0,NA
3876,Planta Veracruz,Petroleras,AL1,M-5,['Generica'],1," $2,372.59 ",0,NA
8981,Planta Veracruz,Petroleras,AL1,M-5,['Generica'],1," $1,863.32 ",0,NA
332,Planta Veracruz,Petroleras,AL1,N-1,['Generica'],4, $3.56 ,0,NA
380,Planta Veracruz,Petroleras,AL1,N-1,['Generica'],254, $2.28 ,0,NA
1101,Planta Veracruz,Petroleras,AL1,N-1,['Generica'],365, $1.20 ,0,NA
2721,Planta Veracruz,Petroleras,AL1,N-1,['Generica'],121, $1.78 ,0,NA
2722,Planta Veracruz,Petroleras,AL1,N-1,['Generica'],187, $2.07 ,0,NA
139,Planta Veracruz,Petroleras,AL1,N-2,['Generica'],225, $2.60 ,0,NA
467,Planta Veracruz,Petroleras,AL1,N-2,['Generica'],178, $1.91 ,0,NA
1172,Planta Veracruz,Petroleras,AL1,N-2,['Generica'],15, $0.70 ,0,NA
1189,Planta Veracruz,Petroleras,AL1,N-2,['Generica'],325, $8.11 ,0,NA
1281,Planta Veracruz,Petroleras,AL1 ,N-2,['Generica'],425, $1.20 ,0,NA
2831,Planta Veracruz,Petroleras,AL1,N-2,['Generica'],385, $7.76 ,0,NA
6160,Planta Veracruz,Petroleras,AL1,N-2,['Generica'],128, $2.06 ,0,NA
171,Planta Veracruz,Petroleras,AL1,N-3,['Generica'],187, $6.39 ,0,NA
485,Planta Veracruz,Petroleras,AL1,N-3,['Generica'],14, $11.70 ,0,NA
721,Planta Veracruz,Petroleras,AL1,N-3,['Generica'],284, $5.22 ,0,NA
1042,Planta Veracruz,Petroleras,AL1,N-3,['Generica'],58, $1.20 ,0,NA
1181,Planta Veracruz,Petroleras,AL1,N-3,['Generica'],2, $11.20 ,0,NA
1186,Planta Veracruz,Petroleras,AL1,N-3,['Generica'],79, $8.12 ,0,NA
1188,Planta Veracruz,Petroleras,AL1,N-3,['Generica'],23, $3.84 ,0,NA
334,Planta Veracruz,Petroleras,AL1,N-4,['Generica'],225, $7.50 ,0,NA
376,Planta Veracruz,Petroleras,AL1,N-4,['Generica'],20, $20.59 ,0,NA
421,Planta Veracruz,Petroleras,AL1,N-4,['Generica'],224, $20.56 ,0,NA
747,Planta Veracruz,Petroleras,AL1,N-4,['Generica'],139, $12.19 ,0,NA
1020,Planta Veracruz,Petroleras,AL1,N-4,['Generica'],32, $11.30 ,0,NA
1124,Planta Veracruz,Petroleras,AL1,N-4,['Generica'],8, $27.91 ,0,NA
2905,Planta Veracruz,Petroleras,AL1,N-4,['Generica'],13, $42.19 ,0,NA
3913,Planta Veracruz,Petroleras,AL1,N-4,['Generica'],229, $20.68 ,0,NA
1094,Planta Veracruz,Petroleras,AL1,N-5,['Generica'],124, $2.25 ,0,NA
1095,Planta Veracruz,Petroleras,AL1,N-5,['Generica'],2, $3.00 ,0,NA
2331,Planta Veracruz,Petroleras,AL1,N-5,['Generica'],24, $10.77 ,0,NA
2811,Planta Veracruz,Petroleras,AL1,N-5,['Generica'],5, $30.00 ,0,NA
4507,Planta Veracruz,Petroleras,AL1,N-5,['Generica'],8, $45.14 ,0,NA
340,Planta Veracruz,Petroleras,AL1,O-1,['Generica'],7, $7.38 ,0,NA
397,Planta Veracruz,Petroleras,AL1,O-1,['Generica'],1, $42.12 ,0,NA
675,Planta Veracruz,Petroleras,AL1,O-1,['Generica'],14, $1.72 ,0,NA
765,Planta Veracruz,Petroleras,AL1,O-1,['Generica'],74, $0.50 ,0,NA
1027,Planta Veracruz,Petroleras,AL1,O-1,['Generica'],1123, $0.14 ,0,NA
1028,Planta Veracruz,Petroleras,AL1,O-1,['Generica'],3, $0.70 ,0,NA
1029,Planta Veracruz,Petroleras,AL1,O-1,['Generica'],0, $4.00 ,0,NA
1030,Planta Veracruz,Petroleras,AL1,O-1,['Generica'],2, $0.70 ,0,NA
1031,Planta Veracruz,Petroleras,AL1,O-1,['Generica'],62, $0.70 ,0,NA
1032,Planta Veracruz,Petroleras,AL1,O-1,['Generica'],35, $1.60 ,0,NA
1034,Planta Veracruz,Petroleras,AL1,O-1,['Generica'],1, $1.60 ,0,NA
1035,Planta Veracruz,Petroleras,AL1,O-1,['Generica'],84, $2.25 ,0,NA
1041,Planta Veracruz,Petroleras,AL1,O-1,['Generica'],24, $0.20 ,0,NA
1043,Planta Veracruz,Petroleras,AL1,O-1,['Generica'],5, $1.60 ,0,NA
1044,Planta Veracruz,Petroleras,AL1,O-1,['Generica'],1, $0.70 ,0,NA
1046,Planta Veracruz,Petroleras,AL1,O-1,['Generica'],8, $6.00 ,0,NA
1048,Planta Veracruz,Petroleras,AL1,O-1,['Generica'],10, $0.40 ,0,NA
1049,Planta Veracruz,Petroleras,AL1,O-1,['Generica'],7, $0.70 ,0,NA
1054,Planta Veracruz,Petroleras,AL1,O-1,['Generica'],1, $0.85 ,0,NA
1055,Planta Veracruz,Petroleras,AL1,O-1,['Generica'],9, $17.24 ,0,NA
1080,Planta Veracruz,Petroleras,AL1,O-1,['Generica'],3, $3.00 ,0,NA
1081,Planta Veracruz,Petroleras,AL1,O-1,['Generica'],1, $0.70 ,0,NA
1082,Planta Veracruz,Petroleras,AL1,O-1,['Generica'],0, $19.47 ,0,NA
1083,Planta Veracruz,Petroleras,AL1,O-1,['Generica'],4, $6.00 ,0,NA
1089,Planta Veracruz,Petroleras,AL1,O-1,['Generica'],4, $2.96 ,0,NA
1093,Planta Veracruz,Petroleras,AL1,O-1,['Generica'],2, $2.25 ,0,NA
1096,Planta Veracruz,Petroleras,AL1,O-1,['Generica'],3, $2.25 ,0,NA
1102,Planta Veracruz,Petroleras,AL1,O-1,['Generica'],4, $0.30 ,0,NA
1117,Planta Veracruz,Petroleras,AL1,O-1,['Generica'],0, $0.70 ,0,NA
1118,Planta Veracruz,Petroleras,AL1,O-1,['Generica'],4, $0.96 ,0,NA
1121,Planta Veracruz,Petroleras,AL1,O-1,['Generica'],0, $1.50 ,0,NA
1152,Planta Veracruz,Petroleras,AL1,O-1,['Generica'],3, $0.49 ,0,NA
1166,Planta Veracruz,Petroleras,AL1,O-1,['Generica'],20, $0.70 ,0,NA
1169,Planta Veracruz,Petroleras,AL1,O-1,['Generica'],1, $0.70 ,0,NA
1170,Planta Veracruz,Petroleras,AL1,O-1,['Generica'],4, $1.20 ,0,NA
1179,Planta Veracruz,Petroleras,AL1,O-1,['Generica'],7, $0.70 ,0,NA
1185,Planta Veracruz,Petroleras,AL1,O-1,['Generica'],10, $0.95 ,0,NA
1278,Planta Veracruz,Petroleras,AL1,O-1,['Generica'],22, $5.89 ,0,NA
1280,Planta Veracruz,Petroleras,AL1,O-1,['Generica'],4, $0.70 ,0,NA
1289,Planta Veracruz,Petroleras,AL1,O-1,['Generica'],1, $2.50 ,0,NA
1301,Planta Veracruz,Petroleras,AL1,O-1,['Generica'],4, $1.91 ,0,NA
1303,Planta Veracruz,Petroleras,AL1,O-1,['Generica'],0, $0.70 ,0,NA
1551,Planta Veracruz,Petroleras,AL1,O-1,['Generica'],1, $2.98 ,0,NA
1731,Planta Veracruz,Petroleras,AL1,O-1,['Generica'],6, $5.00 ,0,NA
1993,Planta Veracruz,Petroleras,AL1,O-1,['Generica'],18, $4.40 ,0,NA
2157,Planta Veracruz,Petroleras,AL1,O-1,['Generica'],1, $16.38 ,0,NA
2548,Planta Veracruz,Petroleras,AL1,O-1,['Generica'],12, $38.36 ,0,NA
2646,Planta Veracruz,Petroleras,AL1,O-1,['Generica'],18, $2.00 ,0,NA
3715,Planta Veracruz,Petroleras,AL1,O-1,['Generica'],4, $5.00 ,0,NA
3724,Planta Veracruz,Petroleras,AL1,O-1,['Generica'],3, $57.42 ,0,NA
3728,Planta Veracruz,Petroleras,AL1,O-1,['Generica'],5, $4.55 ,0,NA
5090,Planta Veracruz,Petroleras,AL1,O-1,['Generica'],9, $247.06 ,0,NA
5489,Planta Veracruz,Petroleras,AL1,O-1,['Generica'],5, $17.50 ,0,NA
6265,Planta Veracruz,Petroleras,AL1,O-1,['Generica'],8, $6.04 ,0,NA
6820,Planta Veracruz,Petroleras,AL1,O-1,['Generica'],4, $1.06 ,0,NA
516,Planta Veracruz,Petroleras,AL1,O-2,['Generica'],1, $5.00 ,0,NA
1025,Planta Veracruz,Petroleras,AL1,O-2,['Generica'],6, $89.64 ,0,NA
1069,Planta Veracruz,Petroleras,AL1,O-2,['Generica'],1, $1.51 ,0,NA
1110,Planta Veracruz,Petroleras,AL1,O-2,['Generica'],4, $3.78 ,0,NA
1136,Planta Veracruz,Petroleras,AL1,O-2,['Generica'],18, $20.00 ,0,NA
1148,Planta Veracruz,Petroleras,AL1,O-2,['Generica'],26, $0.70 ,0,NA
1154,Planta Veracruz,Petroleras,AL1,O-2,['Generica'],3, $4.03 ,0,NA
1156,Planta Veracruz,Petroleras,AL1,O-2,['Generica'],1, $0.70 ,0,NA
1191,Planta Veracruz,Petroleras,AL1,O-2,['Generica'],7, $0.70 ,0,NA
1194,Planta Veracruz,Petroleras,AL1,O-2,['Generica'],125, $2.37 ,0,NA
1310,Planta Veracruz,Petroleras,AL1,O-2,['Generica'],78, $0.70 ,0,NA
3720,Planta Veracruz,Petroleras,AL1,O-2,['Generica'],6, $1.68 ,0,NA
3722,Planta Veracruz,Petroleras,AL1,O-2,['Generica'],15, $72.17 ,0,NA
319,Planta Veracruz,Petroleras,AL1,O-3,['Generica'],33, $89.38 ,0,NA
342,Planta Veracruz,Petroleras,AL1,O-3,['Generica'],91, $6.00 ,0,NA
382,Planta Veracruz,Petroleras,AL1,O-3,['Generica'],13, $34.17 ,0,NA
514,Planta Veracruz,Petroleras,AL1,O-3,['Generica'],15, $10.16 ,0,NA
682,Planta Veracruz,Petroleras,AL1,O-3,['Generica'],65, $8.50 ,0,NA
1045,Planta Veracruz,Petroleras,AL1,O-3,['Generica'],6, $4.00 ,0,NA
1070,Planta Veracruz,Petroleras,AL1,O-3,['Generica'],42, $6.00 ,0,NA
1076,Planta Veracruz,Petroleras,AL1,O-3,['Generica'],39, $10.36 ,0,NA
1077,Planta Veracruz,Petroleras,AL1,O-3,['Generica'],63, $6.00 ,0,NA
1134,Planta Veracruz,Petroleras,AL1,O-3,['Generica'],20, $0.70 ,0,NA
1507,Planta Veracruz,Petroleras,AL1,O-3,['Generica'],3, $20.01 ,0,NA
41,Planta Veracruz,Petroleras,AL1,O-4,['Generica'],27, $32.30 ,0,NA
259,Planta Veracruz,Petroleras,AL1,O-4,['Generica'],158, $9.57 ,0,NA
277,Planta Veracruz,Petroleras,AL1,O-4,['Generica'],383, $3.66 ,0,NA
1088,Planta Veracruz,Petroleras,AL1,O-4,['Generica'],7, $24.86 ,0,NA
1125,Planta Veracruz,Petroleras,AL1,O-4,['Generica'],50, $50.11 ,0,NA
1127,Planta Veracruz,Petroleras,AL1,O-4,['Generica'],62, $15.20 ,0,NA
1128,Planta Veracruz,Petroleras,AL1,O-4,['Generica'],68, $10.30 ,0,NA
1129,Planta Veracruz,Petroleras,AL1,O-4,['Generica'],18, $12.00 ,0,NA
384,Planta Veracruz,Petroleras,AL1,P-1,['Generica'],56, $139.63 ,0,NA
595,Planta Veracruz,Petroleras,AL1,P-1,['Generica'],3, $280.32 ,0,NA
2764,Planta Veracruz,Petroleras,AL1,P-1,['Generica'],12, $87.32 ,0,NA
3370,Planta Veracruz,Petroleras,AL1,P-1,['Generica'],2, $80.50 ,0,NA
515,Planta Veracruz,Petroleras,AL1,P-2,['Generica'],19, $6.00 ,0,NA
1132,Planta Veracruz,Petroleras,AL1,P-2,['Generica'],25, $6.61 ,0,NA
1137,Planta Veracruz,Petroleras,AL1,P-2,['Generica'],10, $23.00 ,0,NA
3661,Planta Veracruz,Petroleras,AL1,P-2,['Generica'],20, $180.00 ,0,NA
336,Planta Veracruz,Petroleras,AL1,P-3,['Generica'],1, $45.00 ,0,NA
6073,Planta Veracruz,Petroleras,AL1,P-3,['Generica'],1, $277.59 ,0,NA
172,Planta Veracruz,Petroleras,AL1,P-5,['Generica'],7, $236.34 ,0,NA
1697,Planta Veracruz,Petroleras,AL1,P-5,['Generica'],3, $64.66 ,0,NA
8150,Planta Veracruz,Petroleras,AL1,P-5,['Generica'],2, $115.30 ,0,NA
888,Planta Veracruz,Petroleras,AL1,S-1,['Generica'],3," $1,200.00 ",0,NA
1250,Planta Veracruz,Petroleras,AL1,S-1,['Generica'],4, $200.00 ,0,NA
1254,Planta Veracruz,Petroleras,AL1,S-5,['Generica'],8, $113.00 ,0,NA
1614,Planta Veracruz,Petroleras,AL1,S-1,['Generica'],2," $3,000.00 ",0,NA
1639,Planta Veracruz,Petroleras,AL1,S-1,['Generica'],1," $4,000.00 ",0,NA
1640,Planta Veracruz,Petroleras,AL1,S-1,['Generica'],1," $1,000.00 ",0,NA
3186,Planta Veracruz,Petroleras,AL1,S-1,['Generica'],2, $426.36 ,0,NA
3885,Planta Veracruz,Petroleras,AL1,S-1,['Generica'],2, $361.14 ,0,NA
3896,Planta Veracruz,Petroleras,AL1,S-1,['Generica'],2, $276.51 ,0,NA
476,Planta Veracruz,Petroleras,AL1,S-2,['Generica'],6," $1,100.00 ",0,NA
638,Planta Veracruz,Petroleras,AL1,S-2,['Generica'],5," $3,325.26 ",0,NA
1165,Planta Veracruz,Petroleras,AL1,S-2,['Generica'],1, $828.57 ,0,NA
1692,Planta Veracruz,Petroleras,AL1,S-2,['Generica'],3, $150.00 ,0,NA
3304,Planta Veracruz,Petroleras,AL1,S-2,['Generica'],1, $62.93 ,0,NA
5067,Planta Veracruz,Petroleras,AL1,S-2,['Generica'],10," $1,825.60 ",0,NA
5487,Planta Veracruz,Petroleras,AL1,S-2,['Generica'],1," $1,062.91 ",0,NA
5934,Planta Veracruz,Petroleras,AL1,S-2,['Generica'],6, $465.51 ,0,NA
7975,Planta Veracruz,Petroleras,AL1,S-2,['Generica'],28," $1,241.42 ",0,NA
32,Planta Veracruz,Petroleras,AL1,S-3,['Generica'],0, $17.50 ,0,NA
37,Planta Veracruz,Petroleras,AL1,S-3,['Generica'],42, $26.00 ,0,NA
337,Planta Veracruz,Petroleras,AL1,S-3,['Generica'],5, $70.00 ,0,NA
338,Planta Veracruz,Petroleras,AL1,S-3,['Generica'],105, $35.00 ,0,NA
538,Planta Veracruz,Petroleras,AL1,S-3,['Generica'],0, $10.00 ,0,NA
1240,Planta Veracruz,Petroleras,AL1,S-3,['Generica'],3," $1,500.00 ",0,NA
1241,Planta Veracruz,Petroleras,AL1,S-3,['Generica'],23, $120.00 ,0,NA
1242,Planta Veracruz,Petroleras,AL1,S-3,['Generica'],5," $3,879.31 ",0,NA
1243,Planta Veracruz,Petroleras,AL1,S-3,['Generica'],2," $2,586.21 ",0,NA
1734,Planta Veracruz,Petroleras,AL1,S-3,['Generica'],7, $300.00 ,0,NA
2633,Planta Veracruz,Petroleras,AL1,S-3,['Generica'],0, $26.42 ,0,NA
2797,Planta Veracruz,Petroleras,AL1,S-3,['Generica'],158, $70.00 ,0,NA
4631,Planta Veracruz,Petroleras,AL1,S-3,['Generica'],1, $27.50 ,0,NA
587,Planta Veracruz,Petroleras,AL1,S-4,['Generica'],4, $60.10 ,0,NA
1248,Planta Veracruz,Petroleras,AL1,S-4,['Generica'],8, $198.00 ,0,NA
1253,Planta Veracruz,Petroleras,AL1,S-4,['Generica'],5, $129.00 ,0,NA
1255,Planta Veracruz,Petroleras,AL1,S-4,['Generica'],4, $68.00 ,0,NA
3355,Planta Veracruz,Petroleras,AL1,S-4,['Generica'],10, $174.61 ,0,NA
3792,Planta Veracruz,Petroleras,AL1,S-4,['Generica'],0, $8.40 ,0,NA
3840,Planta Veracruz,Petroleras,AL1,S-4,['Generica'],0, $5.29 ,0,NA
4135,Planta Veracruz,Petroleras,AL1,S-4,['Generica'],20, $10.92 ,0,NA
5300,Planta Veracruz,Petroleras,AL1,S-4,['Generica'],8, $6.50 ,0,NA
6025,Planta Veracruz,Petroleras,AL1,S-4,['Generica'],2, $350.69 ,0,NA
322,Planta Veracruz,Petroleras,AL1,T-1,['Generica'],16, $200.00 ,0,NA
1197,Planta Veracruz,Petroleras,AL1,T-1,['Generica'],1, $37.60 ,0,NA
1198,Planta Veracruz,Petroleras,AL1,T-1,['Generica'],6, $42.00 ,0,NA
1244,Planta Veracruz,Petroleras,AL1,T-1,['Generica'],18," $1,200.00 ",0,NA
1257,Planta Veracruz,Petroleras,AL1,T-1,['Generica'],1, $36.00 ,0,NA
3090,Planta Veracruz,Petroleras,AL1,T-1,['Generica'],2, $81.18 ,0,NA
3809,Planta Veracruz,Petroleras,AL1,T-1,['Generica'],4, $160.48 ,0,NA
4439,Planta Veracruz,Petroleras,AL1,T-1,['Generica'],2, $450.00 ,0,NA
6257,Planta Veracruz,Petroleras,AL1,T-1,['Generica'],1, $247.41 ,0,NA
8209,Planta Veracruz,Petroleras,AL1,T-1,['Generica'],11, $283.00 ,0,NA
276,Planta Veracruz,Petroleras,AL1,T-2,['Generica'],18, $70.74 ,0,NA
607,Planta Veracruz,Petroleras,AL1,T-2,['Generica'],20, $380.00 ,0,NA
1199,Planta Veracruz,Petroleras,AL1,T-2,['Generica'],3, $36.00 ,0,NA
1203,Planta Veracruz,Petroleras,AL1,T-2,['Generica'],6, $32.61 ,0,NA
1205,Planta Veracruz,Petroleras,AL1,T-2,['Generica'],7, $22.00 ,0,NA
1206,Planta Veracruz,Petroleras,AL1,T-2,['Generica'],2, $25.12 ,0,NA
1210,Planta Veracruz,Petroleras,AL1,T-2,['Generica'],8, $15.00 ,0,NA
1212,Planta Veracruz,Petroleras,AL1,T-2,['Generica'],2, $11.30 ,0,NA
1216,Planta Veracruz,Petroleras,AL1,T-2,['Generica'],2, $17.66 ,0,NA
1221,Planta Veracruz,Petroleras,AL1,T-2,['Generica'],4, $29.30 ,0,NA
1229,Planta Veracruz,Petroleras,AL1,T-2,['Generica'],4, $23.12 ,0,NA
1230,Planta Veracruz,Petroleras,AL1,T-2,['Generica'],2, $31.00 ,0,NA
4376,Planta Veracruz,Petroleras,AL1,T-2,['Generica'],1, $243.60 ,0,NA
5572,Planta Veracruz,Petroleras,AL1,T-2,['Generica'],1, $33.62 ,0,NA
8794,Planta Veracruz,Petroleras,AL1,T-2,['Generica'],16, $215.00 ,0,NA
233,Planta Veracruz,Petroleras,AL1,T-3,['Generica'],5, $58.19 ,0,NA
234,Planta Veracruz,Petroleras,AL1,T-3,['Generica'],9, $31.71 ,0,NA
240,Planta Veracruz,Petroleras,AL1,T-3,['Generica'],28, $126.33 ,0,NA
241,Planta Veracruz,Petroleras,AL1,T-3,['Generica'],30, $36.00 ,0,NA
245,Planta Veracruz,Petroleras,AL1,T-3,['Generica'],31, $36.00 ,0,NA
344,Planta Veracruz,Petroleras,AL1,T-3,['Generica'],18, $40.00 ,0,NA
345,Planta Veracruz,Petroleras,AL1,T-3,['Generica'],79, $58.00 ,0,NA
395,Planta Veracruz,Petroleras,AL1,T-3,['Generica'],48, $40.00 ,0,NA
399,Planta Veracruz,Petroleras,AL1,T-3,['Generica'],2," $1,541.00 ",0,NA
401,Planta Veracruz,Petroleras,AL1,T-3,['Generica'],12, $180.00 ,0,NA
510,Planta Veracruz,Petroleras,AL1,T-3,['Generica'],0, $23.60 ,0,NA
593,Planta Veracruz,Petroleras,AL1,T-3,['Generica'],50, $23.59 ,0,NA
606,Planta Veracruz,Petroleras,AL1,T-3,['Generica'],12, $75.00 ,0,NA
1227,Planta Veracruz,Petroleras,AL1,T-3,['Generica'],17, $35.00 ,0,NA
1232,Planta Veracruz,Petroleras,AL1,T-3,['Generica'],0, $30.50 ,0,NA
1233,Planta Veracruz,Petroleras,AL1,T-3,['Generica'],21, $16.80 ,0,NA
1234,Planta Veracruz,Petroleras,AL1,T-3,['Generica'],3, $13.20 ,0,NA
1235,Planta Veracruz,Petroleras,AL1,T-3,['Generica'],1, $11.00 ,0,NA
2582,Planta Veracruz,Petroleras,AL1,T-3,['Generica'],0," $3,700.00 ",0,NA
2725,Planta Veracruz,Petroleras,AL1,T-3,['Generica'],23, $44.00 ,0,NA
3886,Planta Veracruz,Petroleras,AL1,T-3,['Generica'],3, $49.66 ,0,NA
4500,Planta Veracruz,Petroleras,AL1,T-3,['Generica'],1, $550.00 ,0,NA
6840,Planta Veracruz,Petroleras,AL1,T-3,['Generica'],28, $50.00 ,0,NA
481,Planta Veracruz,Petroleras,AL1,T-4,['Generica'],5, $55.00 ,0,NA
1245,Planta Veracruz,Petroleras,AL1,T-4,['Generica'],1, $758.00 ,0,NA
1246,Planta Veracruz,Petroleras,AL1,T-4,['Generica'],12, $450.00 ,0,NA
1249,Planta Veracruz,Petroleras,AL1,T-4,['Generica'],2, $340.00 ,0,NA
1251,Planta Veracruz,Petroleras,AL1,T-4,['Generica'],5, $225.00 ,0,NA
1252,Planta Veracruz,Petroleras,AL1,T-4,['Generica'],9, $163.00 ,0,NA
4679,Planta Veracruz,Petroleras,AL1,T-4,['Generica'],7, $238.24 ,0,NA
7950,Planta Veracruz,Petroleras,AL1,T-4,['Generica'],1, $356.10 ,0,NA
7951,Planta Veracruz,Petroleras,AL1,T-4,['Generica'],12, $440.00 ,0,NA
7952,Planta Veracruz,Petroleras,AL1,T-4,['Generica'],24, $110.00 ,0,NA
7973,Planta Veracruz,Petroleras,AL1,T-4,['Generica'],8, $133.79 ,0,NA
57,Planta Veracruz,Petroleras,AL1,Y-1,['Generica'],41, $6.02 ,0,NA
102,Planta Veracruz,Petroleras,AL1,Y-1,['Generica'],60, $18.10 ,0,NA
150,Planta Veracruz,Petroleras,AL1,Y-1,['Generica'],22, $337.07 ,0,NA
1923,Planta Veracruz,Petroleras,AL1,Y-1,['Generica'],0, $162.93 ,0,NA
7697,Planta Veracruz,Petroleras,AL1,Y-1,['Generica'],30, $19.83 ,0,NA
8326,Planta Veracruz,Petroleras,AL1,Y-1,['Generica'],0, $337.93 ,0,NA
9,Planta Veracruz,Petroleras,AL1,Y-2,['Generica'],10, $20.00 ,0,NA
10,Planta Veracruz,Petroleras,AL1,Y-2,['Generica'],8, $32.00 ,0,NA
23,Planta Veracruz,Petroleras,AL1,Y-2,['Generica'],35, $20.00 ,0,NA
601,Planta Veracruz,Petroleras,AL1,Y-2,['Generica'],20, $13.83 ,0,NA
8327,Planta Veracruz,Petroleras,AL1,Y-2,['Generica'],0, $353.45 ,0,NA
8817,Planta Veracruz,Petroleras,AL1,Y-2,['Generica'],9, $289.66 ,0,NA
110,Planta Veracruz,Petroleras,AL1,Y-3,['Generica'],10, $74.95 ,0,NA
4403,Planta Veracruz,Petroleras,AL1 ,Y-3,['Generica'],4, $70.68 ,0,NA
5647,Planta Veracruz,Petroleras,AL1,Y-3,['Generica'],2, $411.96 ,0,NA
5919,Planta Veracruz,Petroleras,AL1,Y-3,['Generica'],5, $154.58 ,0,NA
58,Planta Veracruz,Petroleras,AL1,Y-4,['Generica'],45, $58.59 ,0,NA
398,Planta Veracruz,Petroleras,AL1,Y-4,['Generica'],0, $59.48 ,0,NA
1719,Planta Veracruz,Petroleras,AL1,Y-4,['Generica'],35, $58.59 ,0,NA
54,Planta Veracruz,Petroleras,AL1,Y-5,['Generica'],0, $139.67 ,0,NA
56,Planta Veracruz,Petroleras,AL1,Y-5,['Generica'],0, $112.93 ,0,NA
323,Planta Veracruz,Petroleras,AL1,Y-5,['Generica'],80, $53.39 ,0,NA
1750,Planta Veracruz,Petroleras,AL1,Y-5,['Generica'],2, $171.50 ,0,NA
5354,Planta Veracruz,Petroleras,AL1,Y-5,['Generica'],1, $695.69 ,0,NA
925,Planta Veracruz,Petroleras,AL2,A-1,['Generica'],1, $240.00 ,0,NA
921,Planta Veracruz,Petroleras,AL2,A-1,['Generica'],1, $230.00 ,0,NA
924,Planta Veracruz,Petroleras,AL2,A-1,['Generica'],12, $263.00 ,0,NA
913,Planta Veracruz,Petroleras,AL2,A-1,['Generica'],1," $6,000.00 ",0,NA
35,Planta Veracruz,Petroleras,AL2,A-2,['Generica'],8," $1,200.00 ",0,NA
3020,Planta Veracruz,Petroleras,AL2,A-2,['Generica'],4," $4,000.00 ",0,NA
687,Planta Veracruz,Petroleras,AL2,A-3,['Generica'],124," $1,350.00 ",0,NA
3900,Planta Veracruz,Petroleras,AL2,A-4,['Generica'],6, $680.00 ,0,NA
3817,Planta Veracruz,Petroleras,AL2,A-4,['Generica'],2," $3,469.90 ",0,NA
7695,Planta Veracruz,Petroleras,AL2,A-5,['Generica'],30," $1,490.69 ",0,NA
144,Planta Veracruz,Petroleras,AL2,A-5,['Generica'],2, $681.00 ,0,NA
151,Planta Veracruz,Petroleras,AL2,A-5,['Generica'],1, $65.80 ,0,NA
890,Planta Veracruz,Petroleras,AL2,B-1,['Generica'],6, $990.00 ,0,NA
25,Planta Veracruz,Petroleras,AL2,B-1,['Generica'],122," $3,316.09 ",0,NA
659,Planta Veracruz,Petroleras,AL2,B-2,['Generica'],9, $159.56 ,0,NA
858,Planta Veracruz,Petroleras,AL2,B-2,['Generica'],144, $679.50 ,0,NA
866,Planta Veracruz,Petroleras,AL2,B-3,['Generica'],6, $357.00 ,0,NA
863,Planta Veracruz,Petroleras,AL2,B-3,['Generica'],4, $981.75 ,0,NA
404,Planta Veracruz,Petroleras,AL2,B-3,['Generica'],44, $73.27 ,0,NA
7501,Planta Veracruz,Petroleras,AL2,B-3,['Generica'],1, $603.40 ,0,NA
254,Planta Veracruz,Petroleras,AL2,B-4,['Generica'],14, $25.02 ,0,NA
3639,Planta Veracruz,Petroleras,AL2,B-4,['Generica'],86, $110.00 ,0,NA
7662,Planta Veracruz,Petroleras,AL2,B-4,['Generica'],59, $301.72 ,0,NA
231,Planta Veracruz,Petroleras,AL2,B-5,['Generica'],2, $75.00 ,0,NA
8301,Planta Veracruz,Petroleras,AL2,B-5,['Generica'],61, $430.00 ,0,NA
3894,Planta Veracruz,Petroleras,AL2,B-5,['Generica'],1, $80.00 ,0,NA
796,Planta Veracruz,Petroleras,AL2,C-1,['Generica'],19, $328.35 ,0,NA
3741,Planta Veracruz,Petroleras,AL2,C-2,['Generica'],31, $179.80 ,0,NA
1691,Planta Veracruz,Petroleras,AL2,C-2,['Generica'],26, $118.50 ,0,NA
786,Planta Veracruz,Petroleras,AL2,C-2,['Generica'],1, $121.00 ,0,NA
2507,Planta Veracruz,Petroleras,AL2,C-2,['Generica'],3, $140.00 ,0,NA
3818,Planta Veracruz,Petroleras,AL2,C-2,['Generica'],51," $1,156.73 ",0,NA
6959,Planta Veracruz,Petroleras,AL2,C-2,['Generica'],416, $143.84 ,0,NA
2318,Planta Veracruz,Petroleras,AL2,C-2,['Generica'],2, $106.84 ,0,NA
6258,Planta Veracruz,Petroleras,AL2,C-2,['Generica'],38, $47.41 ,0,NA
1272,Planta Veracruz,Petroleras,AL2,C-2,['Generica'],1, $134.03 ,0,NA
539,Planta Veracruz,Petroleras,AL2,C-3,['Generica'],1, $81.64 ,0,NA
232,Planta Veracruz,Petroleras,AL2,C-3,['Generica'],3, $111.64 ,0,NA
8348,Planta Veracruz,Petroleras,AL2,C-3,['Generica'],3, $157.00 ,0,NA
5206,Planta Veracruz,Petroleras,AL2,C-3,['Generica'],271," $1,156.73 ",0,NA
870,Planta Veracruz,Petroleras,AL2,C-4,['Generica'],51, $391.18 ,0,NA
567,Planta Veracruz,Petroleras,AL2,C-4,['Generica'],15, $54.39 ,0,NA
296,Planta Veracruz,Petroleras,AL2,C-4,['Generica'],9, $67.79 ,0,NA
547,Planta Veracruz,Petroleras,AL2,C-4,['Generica'],27," $2,586.20 ",0,NA
912,Planta Veracruz,Petroleras,AL2,D-1,['Generica'],11, $750.00 ,0,NA
1612,Planta Veracruz,Petroleras,AL2,D-2,['Generica'],109, $40.00 ,0,NA
801,Planta Veracruz,Petroleras,AL2,D-2,['Generica'],22, $252.58 ,0,NA
2666,Planta Veracruz,Petroleras,AL2,D-2,['Generica'],2, $70.10 ,0,NA
1655,Planta Veracruz,Petroleras,AL2,D-2,['Generica'],37, $40.20 ,0,NA
865,Planta Veracruz,Petroleras,AL2,D-2,['Generica'],9, $259.59 ,0,NA
1727,Planta Veracruz,Petroleras,AL2,D-2,['Generica'],246, $490.00 ,0,NA
617,Planta Veracruz,Petroleras,AL2,D-2,['Generica'],15, $24.31 ,0,NA
871,Planta Veracruz,Petroleras,AL2,D-2,['Generica'],18, $60.49 ,0,NA
874,Planta Veracruz,Petroleras,AL2,D-2,['Generica'],97, $180.00 ,0,NA
849,Planta Veracruz,Petroleras,AL2,D-2,['Generica'],95, $92.56 ,0,NA
825,Planta Veracruz,Petroleras,AL2,D-2,['Generica'],3, $135.70 ,0,NA
5208,Planta Veracruz,Petroleras,AL2,D-2,['Generica'],9, $-   ,0,NA
660,Planta Veracruz,Petroleras,AL2,D-3,['Generica'],7, $87.03 ,0,NA
228,Planta Veracruz,Petroleras,AL2,D-3,['Generica'],61, $258.00 ,0,NA
7694,Planta Veracruz,Petroleras,AL2,D-4,['Generica'],27, $321.50 ,0,NA
5234,Planta Veracruz,Petroleras,AL2,D-4,['Generica'],1, $800.00 ,0,NA
856,Planta Veracruz,Petroleras,AL2,D-4,['Generica'],10, $561.82 ,0,NA
257,Planta Veracruz,Petroleras,AL2,D-4,['Generica'],3, $180.00 ,0,NA
7082,Planta Veracruz,Petroleras,AL2,D-4,['Generica'],121, $560.34 ,0,NA
2583,Planta Veracruz,Petroleras,AL2,D-4,['Generica'],48, $61.18 ,0,NA
3447,Planta Veracruz,Petroleras,AL2,E-1,['Generica'],98, $30.00 ,0,NA
810,Planta Veracruz,Petroleras,AL2,E-1,['Generica'],45, $45.50 ,0,NA
7953,Planta Veracruz,Petroleras,AL2,E-1,['Generica'],12, $120.00 ,0,NA
661,Planta Veracruz,Petroleras,AL2,E-1,['Generica'],420, $29.89 ,0,NA
7503,Planta Veracruz,Petroleras,AL2,E-1,['Generica'],7, $63.12 ,0,NA
795,Planta Veracruz,Petroleras,AL2,E-2,['Generica'],3, $277.17 ,0,NA
1613,Planta Veracruz,Petroleras,AL2,E-2,['Generica'],1, $60.00 ,0,NA
698,Planta Veracruz,Petroleras,AL2,E-2,['Generica'],5, $116.74 ,0,NA
1538,Planta Veracruz,Petroleras,AL2,E-2,['Generica'],3, $55.43 ,0,NA
799,Planta Veracruz,Petroleras,AL2,E-2,['Generica'],4, $38.64 ,0,NA
8208,Planta Veracruz,Petroleras,AL2,E-2,['Generica'],9, $98.00 ,0,NA
410,Planta Veracruz,Petroleras,AL2,E-3,['Generica'],12, $170.80 ,0,NA
792,Planta Veracruz,Petroleras,AL2,E-3,['Generica'],7, $166.00 ,0,NA
1693,Planta Veracruz,Petroleras,AL2,E-3,['Generica'],1, $86.52 ,0,NA
867,Planta Veracruz,Petroleras,AL2,E-3,['Generica'],4, $80.00 ,0,NA
17,Planta Veracruz,Petroleras,AL2,E-4,['Generica'],21, $850.00 ,0,NA
794,Planta Veracruz,Petroleras,AL2,E-4,['Generica'],4, $210.00 ,0,NA
5185,Planta Veracruz,Petroleras,AL2,E-5,['Generica'],3," $30,239.68 ",0,NA
842,Planta Veracruz,Petroleras,AL2,F-1,['Generica'],14, $31.67 ,0,NA
2382,Planta Veracruz,Petroleras,AL2,F-1,['Generica'],4, $12.58 ,0,NA
4445,Planta Veracruz,Petroleras,AL2,F-1,['Generica'],57, $26.18 ,0,NA
857,Planta Veracruz,Petroleras,AL2,F-2,['Generica'],1, $371.48 ,0,NA
59,Planta Veracruz,Petroleras,AL2,F-2,['Generica'],4, $698.00 ,0,NA
797,Planta Veracruz,Petroleras,AL2,F-2,['Generica'],6, $170.00 ,0,NA
2347,Planta Veracruz,Petroleras,AL2,F-2,['Generica'],2, $350.00 ,0,NA
339,Planta Veracruz,Petroleras,AL2,F-2,['Generica'],1, $11.00 ,0,NA
1728,Planta Veracruz,Petroleras,AL2,F-3,['Generica'],7, $200.00 ,0,NA
417,Planta Veracruz,Petroleras,AL2,F-3,['Generica'],1, $83.25 ,0,NA
36,Planta Veracruz,Petroleras,AL2,F-3,['Generica'],1, $65.94 ,0,NA
407,Planta Veracruz,Petroleras,AL2,F-4,['Generica'],1, $252.70 ,0,NA
371,Planta Veracruz,Petroleras,AL2,F-4,['Generica'],1, $57.57 ,0,NA
822,Planta Veracruz,Petroleras,AL2,F-4,['Generica'],1, $15.57 ,0,NA
787,Planta Veracruz,Petroleras,AL2,F-4,['Generica'],2, $14.02 ,0,NA
662,Planta Veracruz,Petroleras,AL2,F-4,['Generica'],11, $19.95 ,0,NA
263,Planta Veracruz,Petroleras,AL2,F-4,['Generica'],2, $70.10 ,0,NA
826,Planta Veracruz,Petroleras,AL2,F-5,['Generica'],17, $100.50 ,0,NA
823,Planta Veracruz,Petroleras,AL2,F-5,['Generica'],7, $37.89 ,0,NA
848,Planta Veracruz,Petroleras,AL2,F-5,['Generica'],2, $27.27 ,0,NA
812,Planta Veracruz,Petroleras,AL2,F-5,['Generica'],1, $24.91 ,0,NA
146,Planta Veracruz,Petroleras,AL2,F-5,['Generica'],1, $48.14 ,0,NA
804,Planta Veracruz,Petroleras,AL2,F-5,['Generica'],2, $123.73 ,0,NA
545,Planta Veracruz,Petroleras,AL2,F-5,['Generica'],1, $26.95 ,0,NA
482,Planta Veracruz,Petroleras,AL2,F-5,['Generica'],20, $24.31 ,0,NA
824,Planta Veracruz,Petroleras,AL2,F-5,['Generica'],2, $72.85 ,0,NA
546,Planta Veracruz,Petroleras,AL2,F-5,['Generica'],13, $29.02 ,0,NA
1695,Planta Veracruz,Petroleras,AL2,F-5,['Generica'],1, $80.00 ,0,NA
829,Planta Veracruz,Petroleras,AL2,F-5,['Generica'],1, $139.42 ,0,NA
843,Planta Veracruz,Petroleras,AL2,F-5,['Generica'],1, $53.17 ,0,NA
1725,Planta Veracruz,Petroleras,AL3,C-1,['Generica'],10, $44.00 ,0,NA
8879,Planta Veracruz,Petroleras,AL3,A-2,['Generica'],1, $-   ,0,NA
5269,Planta Veracruz,Petroleras,AL3,E-1,['Generica'],18, $640.00 ,0,NA
5188,Planta Veracruz,Petroleras,AL3,E-1,['Generica'],17, $467.78 ,0,NA
4610,Planta Veracruz,Petroleras,AL3,E-1,['Generica'],1," $1,156.30 ",0,NA
2315,Planta Veracruz,Petroleras,AL3,E-1,['Generica'],2," $4,000.00 ",0,NA
4611,Planta Veracruz,Petroleras,AL3,E-1,['Generica'],6, $393.84 ,0,NA
367,Planta Veracruz,Petroleras,AL3,A-1,['Generica'],50, $13.36 ,0,NA
2102,Planta Veracruz,Petroleras,AL3,E-1,['Generica'],100, $150.00 ,0,NA
447,Planta Veracruz,Petroleras,AL3,A-1,['Generica'],47, $7.86 ,0,NA
448,Planta Veracruz,Petroleras,AL3,A-1,['Generica'],40, $7.86 ,0,NA
450,Planta Veracruz,Petroleras,AL3,A-1,['Generica'],65, $7.86 ,0,NA
7712,Planta Veracruz,Petroleras,AL3,B-1,['Generica'],75, $3.45 ,0,NA
169,Planta Veracruz,Petroleras,AL3,F-5,['Generica'],40, $13.35 ,0,NA
2015,Planta Veracruz,Petroleras,AL3,B-1,['Generica'],100, $9.60 ,0,NA
8149,Planta Veracruz,Petroleras,AL3,B-1,['Generica'],86, $14.69 ,0,NA
915,Planta Veracruz,Petroleras,AL3,B-2,['Generica'],2, $95.00 ,0,NA
6486,Planta Veracruz,Petroleras,AL3,B-1,['Generica'],1, $9.00 ,0,NA
5257,Planta Veracruz,Petroleras,AL3,A-2,['Generica'],1, $23.28 ,0,NA
900,Planta Veracruz,Petroleras,AL3,B-2,['Generica'],2, $10.98 ,0,NA
898,Planta Veracruz,Petroleras,AL3,B-2,['Generica'],1, $25.86 ,0,NA
893,Planta Veracruz,Petroleras,AL3,B-2,['Generica'],2, $4.24 ,0,NA
1503,Planta Veracruz,Petroleras,AL3,B-2,['Generica'],3, $5.00 ,0,NA
1480,Planta Veracruz,Petroleras,AL3,A-2,['Generica'],3, $145.60 ,0,NA
1479,Planta Veracruz,Petroleras,AL3,F-3,['Generica'],19, $438.74 ,0,NA
293,Planta Veracruz,Petroleras,AL3,B-3,['Generica'],47, $30.00 ,0,NA
287,Planta Veracruz,Petroleras,AL3,B-3,['Generica'],6, $18.34 ,0,NA
290,Planta Veracruz,Petroleras,AL3,B-3,['Generica'],9, $30.00 ,0,NA
939,Planta Veracruz,Petroleras,AL3,B-3,['Generica'],3, $60.00 ,0,NA
1581,Planta Veracruz,Petroleras,AL3,B-3,['Generica'],2, $20.00 ,0,NA
5211,Planta Veracruz,Petroleras,AL3,B-3,['Generica'],1, $20.00 ,0,NA
289,Planta Veracruz,Petroleras,AL3,B-3,['Generica'],8, $30.00 ,0,NA
937,Planta Veracruz,Petroleras,AL3,B-3,['Generica'],13, $50.00 ,0,NA
1580,Planta Veracruz,Petroleras,AL3,B-3,['Generica'],1, $20.00 ,0,NA
291,Planta Veracruz,Petroleras,AL3,H-5,['Generica'],20, $51.93 ,0,NA
905,Planta Veracruz,Petroleras,AL3,B-3,['Generica'],1, $69.87 ,0,NA
887,Planta Veracruz,Petroleras,AL3,B-3,['Generica'],6, $408.52 ,0,NA
889,Planta Veracruz,Petroleras,AL3,B-2,['Generica'],1, $56.98 ,0,NA
1481,Planta Veracruz,Petroleras,AL3,A-2,['Generica'],1, $65.00 ,0,NA
1433,Planta Veracruz,Petroleras,AL3,C-1,['Generica'],4, $250.00 ,0,NA
1721,Planta Veracruz,Petroleras,AL3,B-4,['Generica'],7, $250.00 ,0,NA
1330,Planta Veracruz,Petroleras,AL3,A-3,['Generica'],8, $182.28 ,0,NA
1441,Planta Veracruz,Petroleras,AL3,B-4,['Generica'],4, $227.85 ,0,NA
1329,Planta Veracruz,Petroleras,AL3,A-3,['Generica'],5, $106.33 ,0,NA
1328,Planta Veracruz,Petroleras,AL3,A-3,['Generica'],27, $116.35 ,0,NA
1436,Planta Veracruz,Petroleras,AL3,B-4,['Generica'],21, $258.35 ,0,NA
1438,Planta Veracruz,Petroleras,AL3,D-1,['Generica'],16, $195.15 ,0,NA
8054,Planta Veracruz,Petroleras,AL3,B-1,['Generica'],3, $33.62 ,0,NA
201,Planta Veracruz,Petroleras,AL3,F-2/E-1,['Generica'],29," $7,119.65 ",0,NA
940,Planta Veracruz,Petroleras,AL3,B-2,['Generica'],3, $450.00 ,0,NA
891,Planta Veracruz,Petroleras,AL3,B-2,['Generica'],2, $179.23 ,0,NA
902,Planta Veracruz,Petroleras,AL3,B-2,['Generica'],1, $4.93 ,0,NA
5210,Planta Veracruz,Petroleras,AL3,B-2,['Generica'],1, $50.00 ,0,NA
896,Planta Veracruz,Petroleras,AL3,B-2,['Generica'],1, $25.71 ,0,NA
1482,Planta Veracruz,Petroleras,AL3,C-1,['Generica'],1," $2,200.00 ",0,NA
157,Planta Veracruz,Petroleras,AL3,D-1,['Generica'],126.5, $51.51 ,0,NA
492,Planta Veracruz,Petroleras,AL3,A-2,['Generica'],1, $94.83 ,0,NA
2219,Planta Veracruz,Petroleras,AL3,A-2,['Generica'],201, $27.34 ,0,NA
1311,Planta Veracruz,Petroleras,AL3,A-2,['Generica'],86, $1.50 ,0,NA
1317,Planta Veracruz,Petroleras,AL3,A-2,['Generica'],12, $16.16 ,0,NA
1320,Planta Veracruz,Petroleras,AL3,A-2,['Generica'],18, $4.83 ,0,NA
1315,Planta Veracruz,Petroleras,AL3,A-2,['Generica'],54, $14.61 ,0,NA
1322,Planta Veracruz,Petroleras,AL3,A-3,['Generica'],31, $7.53 ,0,NA
1323,Planta Veracruz,Petroleras,AL3,A-3,['Generica'],114, $8.06 ,0,NA
1324,Planta Veracruz,Petroleras,AL3,A-3,['Generica'],105, $8.60 ,0,NA
1321,Planta Veracruz,Petroleras,AL3,A-2,['Generica'],3, $12.77 ,0,NA
903,Planta Veracruz,Petroleras,AL3,B-2,['Generica'],2, $10.51 ,0,NA
1286,Planta Veracruz,Petroleras,AL3,F-5,['Generica'],2," $5,000.00 ",0,NA
941,Planta Veracruz,Petroleras,AL3,B-2,['Generica'],1, $380.00 ,0,NA
5936,Planta Veracruz,Petroleras,AL4,,['Generica'],2," $2,603.96 ",0,NA
5678,Planta Veracruz,Petroleras,AL4,,['Generica'],5, $78.23 ,0,NA
223,Planta Veracruz,Petroleras,AL4,G-1,['Generica'],12, $980.00 ,0,NA
222,Planta Veracruz,Petroleras,AL4,F-1,['Generica'],13," $2,578.87 ",0,NA
976,Planta Veracruz,Petroleras,AL4,C-1,['Generica'],2, $544.83 ,0,NA
977,Planta Veracruz,Petroleras,AL4,D-2,['Generica'],5, $-   ,0,NA
978,Planta Veracruz,Petroleras,AL4,D-2,['Generica'],11, $650.00 ,0,NA
979,Planta Veracruz,Petroleras,AL4,D-2,['Generica'],1, $700.00 ,0,NA
1005,Planta Veracruz,Petroleras,AL4,D-2,['Generica'],3, $-   ,0,NA
1002,Planta Veracruz,Petroleras,AL4,D-1,['Generica'],2," $3,157.00 ",0,NA
1001,Planta Veracruz,Petroleras,AL4,D-1,['Generica'],4," $3,169.00 ",0,NA
999,Planta Veracruz,Petroleras,AL4,C-3,['Generica'],11," $3,180.00 ",0,NA
1000,Planta Veracruz,Petroleras,AL4,D-1,['Generica'],3," $3,175.00 ",0,NA
998,Planta Veracruz,Petroleras,AL4,C--3,['Generica'],7," $3,169.48 ",0,NA
987,Planta Veracruz,Petroleras,AL4,D-2,['Generica'],5," $3,175.00 ",0,NA
997,Planta Veracruz,Petroleras,AL4,D-2,['Generica'],5, $-   ,0,NA
1004,Planta Veracruz,Petroleras,AL4,D-2,['Generica'],5," $3,350.00 ",0,NA
1006,Planta Veracruz,Petroleras,AL4,F-1,['Generica'],1," $3,700.00 ",0,NA
2476,Planta Veracruz,Petroleras,AL4,G-1,['Generica'],25.7, $60.15 ,0,NA
429,Planta Veracruz,Petroleras,AL4,G-1,['Generica'],1.76, $660.00 ,0,NA
5199,Planta Veracruz,Petroleras,AL4,G-1,['Generica'],11, $670.00 ,0,NA
981,Planta Veracruz,Petroleras,AL4,C-1,['Generica'],4, $200.00 ,0,NA
980,Planta Veracruz,Petroleras,AL4,C-1,['Generica'],5, $216.95 ,0,NA
1011,Planta Veracruz,Petroleras,AL4,C-1,['Generica'],6," $2,540.00 ",0,NA
988,Planta Veracruz,Petroleras,AL4,C-1,['Generica'],6," $2,200.00 ",0,NA
1017,Planta Veracruz,Petroleras,AL4,C-1,['Generica'],4," $2,200.00 ",0,NA
1015,Planta Veracruz,Petroleras,AL4,D-1,['Generica'],1, $611.82 ,0,NA
973,Planta Veracruz,Petroleras,AL4,G-1,['Generica'],5, $167.95 ,0,NA
202,Planta Veracruz,Petroleras,AL4,G-1,['Generica'],9, $300.00 ,0,NA
327,Planta Veracruz,Petroleras,AL4,G-1,['Generica'],2, $150.00 ,0,NA
4942,Planta Veracruz,Petroleras,AL4,C-2,['Generica'],18," $1,031.00 ",0,NA
789,Planta Veracruz,Petroleras,AL4,B-1,['Generica'],11," $14,000.00 ",0,NA
101,Planta Veracruz,Petroleras,ALMP,E-1,['Generica'],250, $19.91 ,0,NA
193,Planta Veracruz,Petroleras,ALMP,D-1,['Generica'],2," $3,620.00 ",0,NA
195,Planta Veracruz,Petroleras,ALMP,D-1,['Generica'],3, $370.00 ,0,NA
499,Planta Veracruz,Petroleras,ALMP,D-1,['Generica'],2, $14.00 ,0,NA
1267,Planta Veracruz,Petroleras,ALMP,D-1,['Generica'],2, $40.00 ,0,NA
2233,Planta Veracruz,Petroleras,ALMP,A-1,['Generica'],50, $34.49 ,0,NA
2352,Planta Veracruz,Petroleras,ALMP,D-1,['Generica'],2," $3,549.95 ",0,NA
4107,Planta Veracruz,Petroleras,ALMP,A-1,['Generica'],100, $46.55 ,0,NA
5134,Planta Veracruz,Petroleras,ALMP,D-1,['Generica'],3, $500.00 ,0,NA
5499,Planta Veracruz,Petroleras,ALMP,B-1,['Generica'],1," $4,480.00 ",0,NA
7687,Planta Veracruz,Petroleras,ALMP,B-1,['Generica'],30," $7,020.00 ",0,NA
7799,Planta Veracruz,Petroleras,ALMP,D-1,['Generica'],2," $2,972.96 ",0,NA
8199,Planta Veracruz,Petroleras,ALMP,B-1,['Generica'],7," $4,720.00 ",0,NA
8200,Planta Veracruz,Petroleras,ALMP,B-1,['Generica'],1," $3,600.00 ",0,NA
8386,Planta Veracruz,Petroleras,ALMP,D-1,['Generica'],1, $611.30 ,0,NA
9548,Planta Veracruz,Petroleras,ALMP,C-1,['Generica'],21," $1,055.00 ",0,NA
